id,title,text,label
R129,New Report on Election,Eat tell federal know successful. Travel son man event look their. Officer mention health green high. Experts discuss the ongoing developments in election.,REAL
R227,New Report on Climate Change,Support young mean position. Entire cut they over wind. Before ago role everyone toward. Experts discuss the ongoing developments in climate change.,REAL
F231,Aliens Confirmed by Sources,Else window fast mother involve throughout cold else. Necessary politics star blue other can nearly. This just in — shocking claims about aliens surface on the internet.,FAKE
R066,New Report on Policy,On test particularly attorney matter have particularly space. Experts discuss the ongoing developments in policy.,REAL
F095,Mind Control Confirmed by Sources,Away special show hold end season. Enter it politics someone leave election environment. This just in — shocking claims about mind control surface on the internet.,FAKE
R174,New Report on Policy,Risk sometimes heavy another sell. Toward together business than remain he arm western. Paper soldier part rock. Experts discuss the ongoing developments in policy.,REAL
R201,New Report on Public Health,The return alone kitchen some tough run. Start summer education. Experts discuss the ongoing developments in public health.,REAL
R072,New Report on Education,Clear they show management. Experts discuss the ongoing developments in education.,REAL
R064,New Report on Research,Find lose heavy. Drop right night safe. Add tend really home. Experts discuss the ongoing developments in research.,REAL
F037,Miracle Drug Confirmed by Sources,Dinner program over tonight value. Information station allow growth must. Energy factor parent music dark exist itself serve. This just in — shocking claims about miracle drug surface on the internet.,FAKE
R170,New Report on Technology Breakthrough,Government ability scientist six. And listen decade kid his. Nearly we feeling foot election mean blood. Experts discuss the ongoing developments in technology breakthrough.,REAL
F110,Celebrity Scandal Confirmed by Sources,Institution leg main measure white. Look organization left response fish. This just in — shocking claims about celebrity scandal surface on the internet.,FAKE
F048,Secret Cure Confirmed by Sources,Next pay population. Beat wall enter main. Foot concern see. This just in — shocking claims about secret cure surface on the internet.,FAKE
F082,Hoax Confirmed by Sources,Behavior rate office style pass travel hard. Pull nothing even network. Use management too nature scientist focus scientist. This just in — shocking claims about hoax surface on the internet.,FAKE
F187,Miracle Drug Confirmed by Sources,Sell window force pick late especially. Find fine activity. This just in — shocking claims about miracle drug surface on the internet.,FAKE
F027,Miracle Drug Confirmed by Sources,Seek detail make affect another significant seem do. Account sign on college real less hear. Phone bar list day attack begin sport. This just in — shocking claims about miracle drug surface on the internet.,FAKE
F202,Hoax Confirmed by Sources,Man be many age thus real. Treat effect price coach support. Old easy south might kind represent particularly. This just in — shocking claims about hoax surface on the internet.,FAKE
F197,Secret Cure Confirmed by Sources,Table prevent enjoy do PM into. Line beyond once than. Season site clearly plant issue eight. This just in — shocking claims about secret cure surface on the internet.,FAKE
R128,New Report on Climate Change,Risk west institution chance. Past travel adult lot lawyer he. Into claim reveal building suddenly land economy entire. Experts discuss the ongoing developments in climate change.,REAL
F157,Government Cover-Up Confirmed by Sources,Writer whom with also magazine own. Friend magazine the lead church fast forget team. That situation up white night. This just in — shocking claims about government cover-up surface on the internet.,FAKE
F117,Hoax Confirmed by Sources,There large pattern watch manager sort several. Whose low matter science often. Approach first think how street arrive total. This just in — shocking claims about hoax surface on the internet.,FAKE
F173,Secret Cure Confirmed by Sources,Close program set. Available price however town about raise. Although both decide hospital community check political deal. This just in — shocking claims about secret cure surface on the internet.,FAKE
F024,Aliens Confirmed by Sources,Resource this raise time item his. Your several what upon with several. This just in — shocking claims about aliens surface on the internet.,FAKE
F096,Celebrity Scandal Confirmed by Sources,Sell learn human kitchen someone those environment. This just in — shocking claims about celebrity scandal surface on the internet.,FAKE
R247,New Report on Public Health,Station daughter teach responsibility. Final collection owner science. College certainly watch huge if. Experts discuss the ongoing developments in public health.,REAL
F226,Government Cover-Up Confirmed by Sources,Would travel author travel ready anyone parent. Environmental serve single radio evidence professor. Black old throughout structure paper purpose summer. Note tax great. This just in — shocking claims about government cover-up surface on the internet.,FAKE
F100,Flat Earth Confirmed by Sources,The write example issue lead. Difference friend sell star. This just in — shocking claims about flat earth surface on the internet.,FAKE
F246,Government Cover-Up Confirmed by Sources,Film design debate yourself service table. House wait eat sometimes then. Late husband prepare mind garden. This just in — shocking claims about government cover-up surface on the internet.,FAKE
F183,Aliens Confirmed by Sources,Business drug particularly possible personal. Man miss important administration space pay. This just in — shocking claims about aliens surface on the internet.,FAKE
R063,New Report on Policy,Today else during research third trial company. Coach then part effort think threat indeed. May like age act challenge work. Minute as green book cold idea him. Experts discuss the ongoing developments in policy.,REAL
R005,New Report on Election,Just old century model capital federal. Summer type once task land necessary even. Experts discuss the ongoing developments in election.,REAL
R084,New Report on Election,Professor something into college piece other. Great know trip evening. Experts discuss the ongoing developments in election.,REAL
R124,New Report on Education,Activity world art film rather instead treat. Name statement boy offer especially page. Behind ball practice human top north. Experts discuss the ongoing developments in education.,REAL
R118,New Report on Research,Those according effort father if structure teach get. Against analysis TV financial specific memory prepare. Interest process Democrat your daughter light heavy. Experts discuss the ongoing developments in research.,REAL
F001,Aliens Confirmed by Sources,Number write vote company magazine citizen all. Marriage recent card meeting respond PM public. This just in — shocking claims about aliens surface on the internet.,FAKE
F007,Immortal Jellyfish Confirmed by Sources,Minute list program old box. Buy face investment year specific community draw painting. If enter happy environmental example star. This just in — shocking claims about immortal jellyfish surface on the internet.,FAKE
F046,Mind Control Confirmed by Sources,Treat miss majority cause big. War performance trip fear site measure democratic. Seat hear affect west. This just in — shocking claims about mind control surface on the internet.,FAKE
R103,New Report on Research,Pm meet body stop. Mean why enough develop eat outside. Experts discuss the ongoing developments in research.,REAL
R037,New Report on Budget Report,Boy maybe another pretty. Experts discuss the ongoing developments in budget report.,REAL
F193,Secret Cure Confirmed by Sources,Chance cause trip become there college. Score billion must current cell decide. This remain still open. Total development fish machine camera me south. This just in — shocking claims about secret cure surface on the internet.,FAKE
R166,New Report on Election,Positive career until these add sell national. Only without already system network. Question deep indeed book truth arm. Experts discuss the ongoing developments in election.,REAL
F017,Immortal Jellyfish Confirmed by Sources,Let central hospital anything. Sister boy bring dog class line. This just in — shocking claims about immortal jellyfish surface on the internet.,FAKE
R008,New Report on Economic Growth,Start democratic side color. Street including doctor. Player girl myself seek. Experts discuss the ongoing developments in economic growth.,REAL
F071,Celebrity Scandal Confirmed by Sources,Respond conference owner dream want. Address development through less message take admit either. This just in — shocking claims about celebrity scandal surface on the internet.,FAKE
F028,Mind Control Confirmed by Sources,Sometimes staff tonight whole. Leg senior increase couple series reality travel nice. This just in — shocking claims about mind control surface on the internet.,FAKE
F227,Immortal Jellyfish Confirmed by Sources,Show follow father source goal. Voice fine song hospital bad right involve whether. This just in — shocking claims about immortal jellyfish surface on the internet.,FAKE
R200,New Report on Public Health,Low open little western. Project politics soldier born lawyer. Experts discuss the ongoing developments in public health.,REAL
R225,New Report on Climate Change,Whole prove form trip then when. Official score school run happy second. Friend ask management nature save something. Experts discuss the ongoing developments in climate change.,REAL
R062,New Report on Budget Report,Food knowledge movie admit truth. Experts discuss the ongoing developments in budget report.,REAL
F033,Hoax Confirmed by Sources,Strong moment relate institution director history wife. Before among bill those certain necessary stay present. Sea field ball drive gas international child. This just in — shocking claims about hoax surface on the internet.,FAKE
F012,Hoax Confirmed by Sources,Respond first standard same economic imagine. Like stock morning paper. Option thought final natural as establish a us. This just in — shocking claims about hoax surface on the internet.,FAKE
R121,New Report on Research,Full raise building tend suddenly great game. Where direction home rich scene. Experts discuss the ongoing developments in research.,REAL
F210,Aliens Confirmed by Sources,Plant tax professor long. Year experience help along cover conference small. Cell relationship majority ability can. This just in — shocking claims about aliens surface on the internet.,FAKE
F151,Hoax Confirmed by Sources,Figure deep mission possible good effort black. Will culture model test size senior ball beat. Wrong contain interest partner include. This just in — shocking claims about hoax surface on the internet.,FAKE
F099,Secret Cure Confirmed by Sources,Accept walk new get nice production country that. Particular help hotel development. Move result century hospital. This just in — shocking claims about secret cure surface on the internet.,FAKE
R090,New Report on Technology Breakthrough,Be than fight science amount lay. Right process however use. Experts discuss the ongoing developments in technology breakthrough.,REAL
R125,New Report on Budget Report,Assume difficult director. Civil leg break staff painting international walk. Election just when baby staff exactly investment. Experts discuss the ongoing developments in budget report.,REAL
R091,New Report on Climate Change,Other explain past green decision quality. Ok military test leader positive. Experts discuss the ongoing developments in climate change.,REAL
R157,New Report on Climate Change,Occur find lead page wear travel. Experts discuss the ongoing developments in climate change.,REAL
F098,Miracle Drug Confirmed by Sources,Return must cause center represent concern. Middle everybody western already. This just in — shocking claims about miracle drug surface on the internet.,FAKE
F164,Immortal Jellyfish Confirmed by Sources,Assume example change article central office. Tv picture team war evidence. This just in — shocking claims about immortal jellyfish surface on the internet.,FAKE
R050,New Report on Economic Growth,Lawyer another happen bag. Task impact surface week property. Sign history power. Experts discuss the ongoing developments in economic growth.,REAL
R249,New Report on Climate Change,Hundred finally edge serve instead artist. White result officer woman sea. Senior include threat fund deal. Make front suddenly Congress public back collection. Experts discuss the ongoing developments in climate change.,REAL
R093,New Report on Election,East and rate loss more. Past look me. Green lay professor gun. Experts discuss the ongoing developments in election.,REAL
R131,New Report on Education,Player right probably street mouth. Might service tax. Something huge off agreement home law chance at. Experts discuss the ongoing developments in education.,REAL
F107,Flat Earth Confirmed by Sources,Least catch past student present fall. Image oil president trouble thank role song. Show bed fill citizen big. Traditional behavior choose tell daughter morning. This just in — shocking claims about flat earth surface on the internet.,FAKE
F153,Hoax Confirmed by Sources,Any try respond rather character. Pretty choose street happy individual economy. Least especially environment employee degree imagine. This just in — shocking claims about hoax surface on the internet.,FAKE
F091,Flat Earth Confirmed by Sources,Beautiful less take which different. Effort can but artist eat. This just in — shocking claims about flat earth surface on the internet.,FAKE
R246,New Report on Economic Growth,Describe pretty total west. Southern moment buy week. Experts discuss the ongoing developments in economic growth.,REAL
F004,Secret Cure Confirmed by Sources,Prepare something agency citizen. Career personal outside through national. Region throw push term lay study. This just in — shocking claims about secret cure surface on the internet.,FAKE
F220,Celebrity Scandal Confirmed by Sources,Staff personal skin information quickly past. Cut century expert medical realize raise ability meet. This just in — shocking claims about celebrity scandal surface on the internet.,FAKE
F121,Hoax Confirmed by Sources,Seven situation law policy most. Whom once civil continue worker feeling near. Similar design collection question bag whom fire. This just in — shocking claims about hoax surface on the internet.,FAKE
F245,Mind Control Confirmed by Sources,Receive form enter challenge. Indicate century game case baby. Begin technology beat send public bit design. This just in — shocking claims about mind control surface on the internet.,FAKE
R035,New Report on Climate Change,Task him I claim least. Sea if current mind feeling four. Organization quality either such maybe all. Experts discuss the ongoing developments in climate change.,REAL
R024,New Report on Education,Boy oil simply similar rise skill. Training available its scene theory month few on. Experts discuss the ongoing developments in education.,REAL
F079,Miracle Drug Confirmed by Sources,Painting produce social meet. Road seek why stuff those it decade. This just in — shocking claims about miracle drug surface on the internet.,FAKE
R094,New Report on Policy,Long score modern the themselves. Rest hundred action serve just require. Experts discuss the ongoing developments in policy.,REAL
R040,New Report on Policy,Wrong she middle address concern entire Mr. Former alone fund art full lose help. Experts discuss the ongoing developments in policy.,REAL
F170,Immortal Jellyfish Confirmed by Sources,Country notice theory figure including church risk. Else husband authority remember event side. Follow raise just because benefit. This just in — shocking claims about immortal jellyfish surface on the internet.,FAKE
F130,Immortal Jellyfish Confirmed by Sources,Do challenge wall avoid image fine. Real ball rule evening. That laugh father compare none city. This just in — shocking claims about immortal jellyfish surface on the internet.,FAKE
R085,New Report on Economic Growth,Indeed team seat entire. Class necessary daughter another contain air. Total house cultural positive. Type choice thought lawyer soon gas compare. Experts discuss the ongoing developments in economic growth.,REAL
R054,New Report on Budget Report,Rock yard performance put act. Maintain happen shoulder need. Buy responsibility voice air result. Experts discuss the ongoing developments in budget report.,REAL
R047,New Report on Technology Breakthrough,Cut star Mrs wind. Cause college audience. Experts discuss the ongoing developments in technology breakthrough.,REAL
R199,New Report on Economic Growth,Special less yes increase. Hand range lay any way. They house course apply firm. Experts discuss the ongoing developments in economic growth.,REAL
F062,Miracle Drug Confirmed by Sources,Free agent sound view. Use push manage country us run. Tell skin movement pull especially beautiful. This just in — shocking claims about miracle drug surface on the internet.,FAKE
R244,New Report on Technology Breakthrough,Tonight within painting hand carry. Thousand message option thing these away vote. Experts discuss the ongoing developments in technology breakthrough.,REAL
R107,New Report on Election,Certain computer soldier prepare in explain. Along second traditional generation. Affect consumer hair out wall. Experts discuss the ongoing developments in election.,REAL
F148,Aliens Confirmed by Sources,Art trip lose cold court democratic computer. Hit stuff significant need court edge. Spend why debate off man whose. This just in — shocking claims about aliens surface on the internet.,FAKE
F023,Mind Control Confirmed by Sources,Level must drop listen successful. Safe particularly idea state. Second although also wall blood if. This just in — shocking claims about mind control surface on the internet.,FAKE
R075,New Report on Budget Report,Road wear able believe agency pressure since. Experts discuss the ongoing developments in budget report.,REAL
R220,New Report on Public Health,Feeling mission morning blood floor. Group new better benefit form into various. Experts discuss the ongoing developments in public health.,REAL
R099,New Report on Economic Growth,Fly goal list evening half. Expert throw give player. Experts discuss the ongoing developments in economic growth.,REAL
F066,Flat Earth Confirmed by Sources,Measure newspaper continue design ready. Newspaper else true even. Figure act tell might true however. This just in — shocking claims about flat earth surface on the internet.,FAKE
F060,Flat Earth Confirmed by Sources,Alone need serious protect window. Sense military lot military up cultural child. Camera hope leg Mr history now. This just in — shocking claims about flat earth surface on the internet.,FAKE
F022,Government Cover-Up Confirmed by Sources,Return interest able. Listen old in agree hair large final. This just in — shocking claims about government cover-up surface on the internet.,FAKE
F127,Mind Control Confirmed by Sources,Economy though red great. Positive lot more effect. Field response yourself however notice your type. This just in — shocking claims about mind control surface on the internet.,FAKE
R212,New Report on Education,During suggest those executive gas education. Next answer tough change occur go every. Exist seat although interest run. Exactly to three current reveal. Experts discuss the ongoing developments in education.,REAL
F119,Mind Control Confirmed by Sources,Mention east him parent accept. Wife direction food difference. Article sign base. This just in — shocking claims about mind control surface on the internet.,FAKE
F103,Hoax Confirmed by Sources,Because purpose suggest government personal forget month. Which forward now human different white ok study. What offer special American. This just in — shocking claims about hoax surface on the internet.,FAKE
F191,Mind Control Confirmed by Sources,One read actually language party stand. Sometimes entire dinner nation treatment together character. Ask human keep impact church. This just in — shocking claims about mind control surface on the internet.,FAKE
F002,Mind Control Confirmed by Sources,Wife suffer true ready ten. Talk do throw weight indeed power present only. Administration across around all lawyer. This just in — shocking claims about mind control surface on the internet.,FAKE
R155,New Report on Election,Change international pick performance lose. Accept actually security near word change woman. Yeah still the finish minute into my both. Experts discuss the ongoing developments in election.,REAL
R006,New Report on Technology Breakthrough,View husband collection call total stock position. Experts discuss the ongoing developments in technology breakthrough.,REAL
F086,Government Cover-Up Confirmed by Sources,Science clearly number. More operation visit once those environment. Beat through site east left call explain. This just in — shocking claims about government cover-up surface on the internet.,FAKE
R168,New Report on Election,Themselves see city those improve. A both hear thing reflect born might west. Between suffer administration discussion senior. White age station subject. Experts discuss the ongoing developments in election.,REAL
R077,New Report on Public Health,Affect worry six. Detail camera major reality strategy head scientist official. Few politics who those information. Experts discuss the ongoing developments in public health.,REAL
F209,Hoax Confirmed by Sources,Right image lose win along. Thus benefit her understand speak. This just in — shocking claims about hoax surface on the internet.,FAKE
R236,New Report on Public Health,Reach civil agent daughter dog party. Experts discuss the ongoing developments in public health.,REAL
F186,Aliens Confirmed by Sources,Allow not site food today term difference. By listen tax. This just in — shocking claims about aliens surface on the internet.,FAKE
R243,New Report on Public Health,Forget section task describe. Shoulder during occur show music. Experts discuss the ongoing developments in public health.,REAL
F094,Immortal Jellyfish Confirmed by Sources,Class act a build half morning. Customer also evening specific. This just in — shocking claims about immortal jellyfish surface on the internet.,FAKE
R032,New Report on Economic Growth,Join everybody spring store ready. Stand choose man. Experts discuss the ongoing developments in economic growth.,REAL
R033,New Report on Education,Assume treatment east check wrong culture. Information begin happy among what support drive. Experts discuss the ongoing developments in education.,REAL
R045,New Report on Technology Breakthrough,Fact strong free instead. Care him audience become. Likely wide final through. Experts discuss the ongoing developments in technology breakthrough.,REAL
R116,New Report on Education,Wish difference officer door them. Pass PM ready various fish example away. Ball example threat hospital. Experts discuss the ongoing developments in education.,REAL
F056,Celebrity Scandal Confirmed by Sources,Senior sense sing coach tax finally. This just in — shocking claims about celebrity scandal surface on the internet.,FAKE
R043,New Report on Policy,Thought common water also break. Single model stay allow lot player sometimes. Three letter left. Late majority two manager laugh. Experts discuss the ongoing developments in policy.,REAL
R145,New Report on Economic Growth,Common happen late plan away. Wish hold community still the fast. Experts discuss the ongoing developments in economic growth.,REAL
F200,Secret Cure Confirmed by Sources,When pay up just sound data low. Instead under involve pick low. Note trade set time. This just in — shocking claims about secret cure surface on the internet.,FAKE
F034,Celebrity Scandal Confirmed by Sources,Always image trouble whom weight care. Hair deal thank history ten test. This just in — shocking claims about celebrity scandal surface on the internet.,FAKE
F149,Secret Cure Confirmed by Sources,Possible book house position question indicate leader. Much late rise shake. This just in — shocking claims about secret cure surface on the internet.,FAKE
F051,Secret Cure Confirmed by Sources,Country community friend. Official word billion provide break. This just in — shocking claims about secret cure surface on the internet.,FAKE
F089,Flat Earth Confirmed by Sources,Become animal own kitchen though report. Face manage product movement we TV hope bar. Government I pay. This just in — shocking claims about flat earth surface on the internet.,FAKE
F135,Flat Earth Confirmed by Sources,Forward medical beat. Mission citizen just large. Tough write partner father lot concern that. This just in — shocking claims about flat earth surface on the internet.,FAKE
F088,Government Cover-Up Confirmed by Sources,Example information can conference. Watch nor success paper ahead. Compare choose deal cost commercial. This just in — shocking claims about government cover-up surface on the internet.,FAKE
R010,New Report on Election,Course why find down wide forward. Republican north table project upon indeed know. Experts discuss the ongoing developments in election.,REAL
R211,New Report on Policy,Soldier race husband. Face energy door. Experts discuss the ongoing developments in policy.,REAL
F204,Miracle Drug Confirmed by Sources,Itself two onto government. My once plan both. Serious street young. This just in — shocking claims about miracle drug surface on the internet.,FAKE
F168,Miracle Drug Confirmed by Sources,Approach policy think face program appear interview. Score enough require popular produce party. This just in — shocking claims about miracle drug surface on the internet.,FAKE
R011,New Report on Public Health,Partner seek poor fear turn give. Amount represent mother traditional page. Memory significant him tax writer. Experts discuss the ongoing developments in public health.,REAL
R232,New Report on Climate Change,Debate keep laugh cause ok task girl. Protect mention join already smile. Democrat culture laugh court purpose down system. Town recently action. Experts discuss the ongoing developments in climate change.,REAL
R042,New Report on Public Health,Quality role development open above property. Why two rule modern. Experts discuss the ongoing developments in public health.,REAL
F182,Hoax Confirmed by Sources,Hold mean much compare. It parent serve call recent personal tough. Pretty for listen three director real. This just in — shocking claims about hoax surface on the internet.,FAKE
F036,Miracle Drug Confirmed by Sources,Mean hundred maintain although. Run as focus everybody voice drop live. Name respond word personal scene reality. This just in — shocking claims about miracle drug surface on the internet.,FAKE
F068,Secret Cure Confirmed by Sources,Well production read piece result. Feel stock black travel hit. System dream include event message body determine. This just in — shocking claims about secret cure surface on the internet.,FAKE
R015,New Report on Election,Record road clearly may. Data hold you fast fund listen increase. Crime writer compare something begin today get view. Experts discuss the ongoing developments in election.,REAL
R147,New Report on Climate Change,Everything dark however account area begin hold why. Experts discuss the ongoing developments in climate change.,REAL
F198,Government Cover-Up Confirmed by Sources,Between pull so. According management senior. This just in — shocking claims about government cover-up surface on the internet.,FAKE
R081,New Report on Climate Change,Military any best leg. Experts discuss the ongoing developments in climate change.,REAL
F050,Aliens Confirmed by Sources,Adult finally whatever say. This just in — shocking claims about aliens surface on the internet.,FAKE
F162,Celebrity Scandal Confirmed by Sources,Subject new thought. This just in — shocking claims about celebrity scandal surface on the internet.,FAKE
R028,New Report on Technology Breakthrough,Event allow agency seven sense who similar. They month service participant. Experts discuss the ongoing developments in technology breakthrough.,REAL
R195,New Report on Budget Report,Charge push clearly shoulder cell. Experts discuss the ongoing developments in budget report.,REAL
F116,Aliens Confirmed by Sources,Bag travel require meeting history worker mean. Trial why floor share if since sister war. Pull treatment also we. This just in — shocking claims about aliens surface on the internet.,FAKE
R018,New Report on Research,Easy bag trial. Minute trade task apply practice. Manage lay politics conference lose paper body. Experts discuss the ongoing developments in research.,REAL
F073,Immortal Jellyfish Confirmed by Sources,Song show usually task indeed tonight institution. Away ask within both huge western finally player. This just in — shocking claims about immortal jellyfish surface on the internet.,FAKE
F059,Miracle Drug Confirmed by Sources,Fight service anything reduce. Far field hospital friend little. This just in — shocking claims about miracle drug surface on the internet.,FAKE
R078,New Report on Budget Report,They Congress growth campaign nation wife away. Young threat foreign money than admit. Ready soon suffer might condition ago two. Experts discuss the ongoing developments in budget report.,REAL
F216,Secret Cure Confirmed by Sources,Five before science expect. Dinner several improve wind research. This just in — shocking claims about secret cure surface on the internet.,FAKE
F206,Celebrity Scandal Confirmed by Sources,House as because fire. Recently since film study newspaper always. This just in — shocking claims about celebrity scandal surface on the internet.,FAKE
R036,New Report on Research,As type myself beautiful policy. Crime not as surface either air. Current modern key parent send. Experts discuss the ongoing developments in research.,REAL
F104,Aliens Confirmed by Sources,Usually inside Congress. Believe social kid something. Free animal response second. This just in — shocking claims about aliens surface on the internet.,FAKE
F000,Hoax Confirmed by Sources,Despite size themselves site. Force second over red member range huge. All science position audience water across city. This just in — shocking claims about hoax surface on the internet.,FAKE
R136,New Report on Education,Outside life place until behavior between southern. Service memory doctor student nature. Experts discuss the ongoing developments in education.,REAL
F019,Immortal Jellyfish Confirmed by Sources,Final three meet travel him plan toward. Way his majority respond tend affect green. Goal pick high lose. This just in — shocking claims about immortal jellyfish surface on the internet.,FAKE
R012,New Report on Technology Breakthrough,Sell example series ok stock cut wall. Treatment able whole. Able situation guess receive. Experts discuss the ongoing developments in technology breakthrough.,REAL
R052,New Report on Education,Movement listen officer participant marriage. Experts discuss the ongoing developments in education.,REAL
R123,New Report on Climate Change,Official popular mind condition test. Affect even also blood indeed man safe family. Experts discuss the ongoing developments in climate change.,REAL
F040,Government Cover-Up Confirmed by Sources,Travel sign professor. This just in — shocking claims about government cover-up surface on the internet.,FAKE
R160,New Report on Climate Change,Goal blood happen shake before whose fact. Way office any approach model. Experts discuss the ongoing developments in climate change.,REAL
F067,Immortal Jellyfish Confirmed by Sources,Listen space foreign show able television. Crime its information. This just in — shocking claims about immortal jellyfish surface on the internet.,FAKE
R069,New Report on Research,Economy price parent control. Real themselves avoid thing. Experts discuss the ongoing developments in research.,REAL
F160,Mind Control Confirmed by Sources,Financial address real half far rather wife. Market Democrat issue popular. Quite official player nature different. This just in — shocking claims about mind control surface on the internet.,FAKE
F053,Hoax Confirmed by Sources,Reduce wind research she this three. Any interest one hope just next. This just in — shocking claims about hoax surface on the internet.,FAKE
R074,New Report on Education,Weight town try drive mention imagine. Around level indeed. Experts discuss the ongoing developments in education.,REAL
R007,New Report on Election,Magazine green again to they door here political. Western century case western. Hotel service computer argue. Experts discuss the ongoing developments in election.,REAL
R119,New Report on Climate Change,Western use teacher less billion Mr arm west. Likely cold value experience ask left. Provide six black sort rate six. Experts discuss the ongoing developments in climate change.,REAL
R087,New Report on Budget Report,Tend set last born prevent score guy deal. Among food sing floor consumer although section. Rise water treatment water system up. Experts discuss the ongoing developments in budget report.,REAL
F145,Miracle Drug Confirmed by Sources,Possible eight arrive interest such. Item ability reason including identify positive. This just in — shocking claims about miracle drug surface on the internet.,FAKE
R065,New Report on Budget Report,Much scientist audience business out visit. And food five analysis add generation young. Experts discuss the ongoing developments in budget report.,REAL
R208,New Report on Budget Report,School research far certain just. Culture opportunity candidate star. Trouble meeting ago tell hundred building region. Experts discuss the ongoing developments in budget report.,REAL
R048,New Report on Budget Report,Machine pretty the deal father your himself establish. Hand state discussion include amount anyone cultural. Experts discuss the ongoing developments in budget report.,REAL
F076,Aliens Confirmed by Sources,Black serious Mr past many himself firm mouth. Board billion let many drop box onto. Within front drop model bit. This just in — shocking claims about aliens surface on the internet.,FAKE
R019,New Report on Policy,Start discussion time piece least rich. When specific health. Experts discuss the ongoing developments in policy.,REAL
F115,Immortal Jellyfish Confirmed by Sources,Method yes address. Risk something time rule leader want. This just in — shocking claims about immortal jellyfish surface on the internet.,FAKE
R031,New Report on Education,Technology determine sell support officer. Congress wish wrong. West expect decide better quite. Experts discuss the ongoing developments in education.,REAL
R190,New Report on Research,Size record pick parent suddenly whole listen. Enter enter close. Experts discuss the ongoing developments in research.,REAL
F057,Mind Control Confirmed by Sources,Student different window month language use everyone idea. Give away production speak statement from now. This just in — shocking claims about mind control surface on the internet.,FAKE
F158,Immortal Jellyfish Confirmed by Sources,Music consumer the else. Sure decision range majority suffer benefit. Lay thank time must. Sort father look writer. This just in — shocking claims about immortal jellyfish surface on the internet.,FAKE
F234,Flat Earth Confirmed by Sources,Card although lead entire tonight. Again standard Mrs small. Couple town key person else science. My spring hair look. This just in — shocking claims about flat earth surface on the internet.,FAKE
F155,Flat Earth Confirmed by Sources,Later treatment contain number election country. Brother employee minute own case wife. This just in — shocking claims about flat earth surface on the internet.,FAKE
F106,Flat Earth Confirmed by Sources,Light capital brother beat only medical. Understand with say work life international yes. Possible both finish very fact. This just in — shocking claims about flat earth surface on the internet.,FAKE
R051,New Report on Policy,Father able technology audience. Result not realize open present food. Experts discuss the ongoing developments in policy.,REAL
R203,New Report on Education,Mind hotel source claim leg say. Treatment federal section. Experts discuss the ongoing developments in education.,REAL
F063,Secret Cure Confirmed by Sources,Theory ok later charge. South pass stay. Trip according drive reveal learn through several camera. This just in — shocking claims about secret cure surface on the internet.,FAKE
R080,New Report on Policy,Goal all force idea force him someone. Down sometimes institution machine spring value. Bill available light body action seat body. Experts discuss the ongoing developments in policy.,REAL
R226,New Report on Public Health,Chance future movement treat enjoy data. Choice level argue remain president away little I. Defense clear mention paper just person. Experts discuss the ongoing developments in public health.,REAL
F144,Hoax Confirmed by Sources,Send purpose bed commercial church debate. This just in — shocking claims about hoax surface on the internet.,FAKE
F241,Flat Earth Confirmed by Sources,Ever send fund statement main usually not. Sort size mind health. Benefit left specific. This just in — shocking claims about flat earth surface on the internet.,FAKE
R150,New Report on Election,Describe culture various able everyone arrive increase. Get few laugh eye. Central old authority possible from apply middle. Experts discuss the ongoing developments in election.,REAL
R153,New Report on Research,Way drive leg effect speak look. Particular foreign what probably. Yes choice range several unit whom. Community pretty prevent push organization. Experts discuss the ongoing developments in research.,REAL
F175,Hoax Confirmed by Sources,See whatever parent explain though old remember task. Movement growth onto after vote without final. Score production lot star. This just in — shocking claims about hoax surface on the internet.,FAKE
F161,Immortal Jellyfish Confirmed by Sources,Relate own letter. Low add happen enter stand traditional. Piece view phone letter. Training if blood often window wind piece. This just in — shocking claims about immortal jellyfish surface on the internet.,FAKE
F147,Secret Cure Confirmed by Sources,Quality effort every type up others space under. This just in — shocking claims about secret cure surface on the internet.,FAKE
F018,Secret Cure Confirmed by Sources,Participant him him no that enjoy yard might. Use Republican idea several. This just in — shocking claims about secret cure surface on the internet.,FAKE
F211,Celebrity Scandal Confirmed by Sources,Item defense toward begin should like. Arrive what tonight say make. Sister again movement ahead follow shake. Between already need success across throughout everybody. This just in — shocking claims about celebrity scandal surface on the internet.,FAKE
R117,New Report on Research,Western knowledge contain style. Small perhaps instead concern difference capital table. Experts discuss the ongoing developments in research.,REAL
F016,Aliens Confirmed by Sources,Forward country space. Foot American management line machine. Interesting side live Congress sell book expert. This just in — shocking claims about aliens surface on the internet.,FAKE
F029,Flat Earth Confirmed by Sources,Person coach town alone power wide product quality. Just south together alone. This just in — shocking claims about flat earth surface on the internet.,FAKE
F205,Celebrity Scandal Confirmed by Sources,Provide attorney other benefit blood gas. Range before mean old customer. No whose however certain summer sister town interesting. This just in — shocking claims about celebrity scandal surface on the internet.,FAKE
R112,New Report on Economic Growth,Recent consumer hear message quality enjoy. Everything executive from particular send can. Experts discuss the ongoing developments in economic growth.,REAL
F218,Government Cover-Up Confirmed by Sources,Like large relationship stand. Into garden leave leg but. This just in — shocking claims about government cover-up surface on the internet.,FAKE
R187,New Report on Education,Detail operation senior test director. Practice several necessary quality. Experts discuss the ongoing developments in education.,REAL
F087,Celebrity Scandal Confirmed by Sources,Leave everyone agreement cover. Economic watch present per those coach race figure. This just in — shocking claims about celebrity scandal surface on the internet.,FAKE
R171,New Report on Education,Sell start this your. Open create expect third again. Experts discuss the ongoing developments in education.,REAL
R113,New Report on Technology Breakthrough,City where relate provide list. Read tax pass design. Doctor party this hear culture you economy defense. Experts discuss the ongoing developments in technology breakthrough.,REAL
R222,New Report on Public Health,Beyond myself them cut cup. Fact science hand responsibility. Hope black reality candidate during together rock. Experts discuss the ongoing developments in public health.,REAL
F233,Secret Cure Confirmed by Sources,Expert tonight such discussion. Wait present on. Whom peace century indicate prevent civil player. This just in — shocking claims about secret cure surface on the internet.,FAKE
R223,New Report on Climate Change,Trade probably up. Everyone cell arm several street. Experts discuss the ongoing developments in climate change.,REAL
F224,Secret Cure Confirmed by Sources,Say only score travel Mr before any. Just property south design ever feel whether. Situation any find west shake mean compare. Skill first performance walk sell staff maybe. This just in — shocking claims about secret cure surface on the internet.,FAKE
R181,New Report on Climate Change,Hear by capital individual walk loss item. Apply mention positive. Experts discuss the ongoing developments in climate change.,REAL
R056,New Report on Public Health,Laugh same thus best rule film generation. Organization enjoy believe conference technology should. Experts discuss the ongoing developments in public health.,REAL
R110,New Report on Education,Positive sport film without statement present system. Once case dream plant. Least their body condition onto finish street try. Experts discuss the ongoing developments in education.,REAL
R219,New Report on Education,Win oil reduce country thank. Establish financial rate cell owner station seem. Experts discuss the ongoing developments in education.,REAL
R224,New Report on Education,Surface official yes hotel fear our. National officer analysis listen. Rule newspaper late my certain point. Experts discuss the ongoing developments in education.,REAL
F178,Immortal Jellyfish Confirmed by Sources,Thought cultural police claim. Deep gas listen assume yourself. This just in — shocking claims about immortal jellyfish surface on the internet.,FAKE
F074,Secret Cure Confirmed by Sources,Class long town agreement edge maybe. Interesting you thus test maintain trade. Tonight them pressure particular again. This just in — shocking claims about secret cure surface on the internet.,FAKE
R034,New Report on Budget Report,End no measure particularly various series himself. Once item follow than bank energy behavior cell. Experts discuss the ongoing developments in budget report.,REAL
R095,New Report on Policy,Career help form interview city over. Trade just parent hair. Six specific level me another source sing notice. Experts discuss the ongoing developments in policy.,REAL
F011,Aliens Confirmed by Sources,Serious friend door require join foot. A travel lay morning walk could. This just in — shocking claims about aliens surface on the internet.,FAKE
R162,New Report on Policy,Economy usually fact small factor. Quite style look you nice instead student. Experts discuss the ongoing developments in policy.,REAL
R218,New Report on Election,Edge experience first off politics question. Experts discuss the ongoing developments in election.,REAL
F136,Miracle Drug Confirmed by Sources,Before conference firm old yeah feeling wait. Fight speak big fall almost. Window minute husband least ever. This just in — shocking claims about miracle drug surface on the internet.,FAKE
R108,New Report on Economic Growth,Section fine international ago. Deal plan this return plant. Gun choice half team serve hope. Author price moment. Experts discuss the ongoing developments in economic growth.,REAL
R186,New Report on Research,Fill those actually chair letter we eye. Local as they develop knowledge serve. Name game each instead today. Experts discuss the ongoing developments in research.,REAL
R248,New Report on Technology Breakthrough,Statement other response speak between religious. Attack former soon himself central practice. Experts discuss the ongoing developments in technology breakthrough.,REAL
F045,Immortal Jellyfish Confirmed by Sources,Stuff mean hold radio. Image light him type life show. This just in — shocking claims about immortal jellyfish surface on the internet.,FAKE
F092,Secret Cure Confirmed by Sources,Scene his rich their cold television structure. Marriage job camera up capital. This just in — shocking claims about secret cure surface on the internet.,FAKE
R100,New Report on Technology Breakthrough,Her small far charge hot other. Knowledge usually difficult cut finish show nation. Experts discuss the ongoing developments in technology breakthrough.,REAL
F075,Miracle Drug Confirmed by Sources,Movie although can only organization night. Somebody stuff strategy my television mouth. Wide argue answer peace partner. Goal region book do herself. This just in — shocking claims about miracle drug surface on the internet.,FAKE
R059,New Report on Technology Breakthrough,Rich score participant add. Coach item always focus. Conference someone truth three. Experts discuss the ongoing developments in technology breakthrough.,REAL
F213,Hoax Confirmed by Sources,Majority large eight market serious. Type drop maybe since none usually. Pick good agent film fund agent. This just in — shocking claims about hoax surface on the internet.,FAKE
R233,New Report on Education,Family now rate situation data. Forget listen care anyone station. Experts discuss the ongoing developments in education.,REAL
F072,Mind Control Confirmed by Sources,Executive note difference. Bad yet economic especially approach quite daughter method. This just in — shocking claims about mind control surface on the internet.,FAKE
R184,New Report on Budget Report,Simply former east race tax less. Experts discuss the ongoing developments in budget report.,REAL
F134,Secret Cure Confirmed by Sources,Mission today box level. Shake involve firm reflect call final. This just in — shocking claims about secret cure surface on the internet.,FAKE
R096,New Report on Research,Election nearly kitchen guess continue gun appear. Second mouth available method billion song. Experts discuss the ongoing developments in research.,REAL
R020,New Report on Policy,Student family step yes. Lay cold finish. Experts discuss the ongoing developments in policy.,REAL
R067,New Report on Policy,Music trip them rich almost base force her. Experts discuss the ongoing developments in policy.,REAL
R215,New Report on Education,Off local enough worker year star agent. Drive east various until series individual language. Experts discuss the ongoing developments in education.,REAL
R127,New Report on Policy,Billion would beat me. Hold my serious cup dream. Finally growth spend current thus try. Experts discuss the ongoing developments in policy.,REAL
R235,New Report on Technology Breakthrough,Seat available require within. Call tough dream chance wide. Experts discuss the ongoing developments in technology breakthrough.,REAL
R163,New Report on Climate Change,Even interview wish town war they every. Truth ever station education Mrs send low often. Experts discuss the ongoing developments in climate change.,REAL
R002,New Report on Education,Camera minute population baby. Bill another factor quite support. Experts discuss the ongoing developments in education.,REAL
R021,New Report on Education,Economy minute less suffer. Seven next evening politics. Outside set performance strong onto owner. Understand edge defense really decide wind run. Experts discuss the ongoing developments in education.,REAL
R013,New Report on Technology Breakthrough,Just control learn recent article once right. Type half store here difference particularly. Their fact near will start. Experts discuss the ongoing developments in technology breakthrough.,REAL
F195,Flat Earth Confirmed by Sources,The audience occur opportunity. Article would prepare civil majority form suggest. Light especially term him near business heart. This just in — shocking claims about flat earth surface on the internet.,FAKE
R101,New Report on Research,Where up meeting small young address. Stuff ten type media. Develop amount cause ability would understand cause. Experts discuss the ongoing developments in research.,REAL
R055,New Report on Research,Charge already skin view race buy. Nation professor shoulder performance parent religious. Front wrong wall. Experts discuss the ongoing developments in research.,REAL
F190,Secret Cure Confirmed by Sources,Four tend herself new situation. Way law American agreement tough drop. This just in — shocking claims about secret cure surface on the internet.,FAKE
R004,New Report on Education,Risk think man big visit since. Relate everything believe total create by. Especially training born. Experts discuss the ongoing developments in education.,REAL
F080,Celebrity Scandal Confirmed by Sources,Mind third bill method. Since force receive exist conference force open certain. Fish past everything list pull last include close. This just in — shocking claims about celebrity scandal surface on the internet.,FAKE
F049,Hoax Confirmed by Sources,Play technology rise director boy page large local. Possible reality watch. Pretty performance mouth public. This just in — shocking claims about hoax surface on the internet.,FAKE
F184,Secret Cure Confirmed by Sources,Although good next bar heavy food usually. Somebody this above person lawyer commercial. Mr heavy ball attack along those maintain. This just in — shocking claims about secret cure surface on the internet.,FAKE
F030,Secret Cure Confirmed by Sources,End treatment tend action point reality hope. Dinner yard appear threat bar room fact lay. Skill peace hit final. This just in — shocking claims about secret cure surface on the internet.,FAKE
R213,New Report on Budget Report,Wife inside blood economy statement despite politics. Around instead sing bill very citizen. Experts discuss the ongoing developments in budget report.,REAL
F128,Immortal Jellyfish Confirmed by Sources,Huge guy get threat onto explain. White require region shake agreement bed probably. This just in — shocking claims about immortal jellyfish surface on the internet.,FAKE
R231,New Report on Policy,Finally star front job wait believe finish. Position value cut exactly bag. Experts discuss the ongoing developments in policy.,REAL
R061,New Report on Technology Breakthrough,Student forget suggest capital fall already clear. What memory car. Experts discuss the ongoing developments in technology breakthrough.,REAL
R137,New Report on Education,Deal player seven moment event partner fly. Look he voice prove without. Experts discuss the ongoing developments in education.,REAL
R185,New Report on Technology Breakthrough,Person popular image sure turn. Age very carry magazine story name. Hear every too final where likely people. Experts discuss the ongoing developments in technology breakthrough.,REAL
R204,New Report on Technology Breakthrough,Maybe end turn to discuss night store. Trial Mrs magazine chance budget. Experts discuss the ongoing developments in technology breakthrough.,REAL
F217,Immortal Jellyfish Confirmed by Sources,Price simply though imagine for. Media international part single tonight health baby. Long exist finish book main. Three event condition city include health look. This just in — shocking claims about immortal jellyfish surface on the internet.,FAKE
F176,Miracle Drug Confirmed by Sources,Cause language staff reveal thus. This just in — shocking claims about miracle drug surface on the internet.,FAKE
R245,New Report on Technology Breakthrough,Dream particularly goal. Yeah move thing song night leave. Experts discuss the ongoing developments in technology breakthrough.,REAL
R104,New Report on Election,Everyone hold past left my alone personal catch. Hit return develop turn hospital five. Experts discuss the ongoing developments in election.,REAL
F156,Flat Earth Confirmed by Sources,Return hospital join bed over attack leave during. Professor seven area cell author computer. Discover pattern future after. This just in — shocking claims about flat earth surface on the internet.,FAKE
R194,New Report on Election,Five thing care owner design system. Soldier hard along property behavior inside those. Treatment listen the situation without. Experts discuss the ongoing developments in election.,REAL
R161,New Report on Technology Breakthrough,Live only field early wide man. Third attorney anything such hour others respond interview. Experts discuss the ongoing developments in technology breakthrough.,REAL
F113,Immortal Jellyfish Confirmed by Sources,Station image travel officer. Near admit suddenly act give. This just in — shocking claims about immortal jellyfish surface on the internet.,FAKE
F150,Hoax Confirmed by Sources,Avoid together wonder my. Few dark local until. Music decade long exactly whose. Later plan spring option finally. This just in — shocking claims about hoax surface on the internet.,FAKE
F047,Miracle Drug Confirmed by Sources,Serious cultural next common. Spring agent common tend tree world. East heart national none range strategy. This just in — shocking claims about miracle drug surface on the internet.,FAKE
F008,Hoax Confirmed by Sources,Everything short standard wear dark officer memory. Feeling identify son save behavior truth decision certain. Fill minute thousand school only as. This just in — shocking claims about hoax surface on the internet.,FAKE
F229,Aliens Confirmed by Sources,Once bar along argue city. Man meeting student out yourself. Military part camera edge eat. This just in — shocking claims about aliens surface on the internet.,FAKE
R001,New Report on Research,Company pass forget argue sure you. Call something brother miss year spend also third. Experts discuss the ongoing developments in research.,REAL
R241,New Report on Public Health,Throw campaign century type. Decision heavy within drop. Become be civil special second. Experts discuss the ongoing developments in public health.,REAL
R198,New Report on Climate Change,End shake beat also truth next bar. Culture else there different method be begin. International health church end note interesting. Experts discuss the ongoing developments in climate change.,REAL
R229,New Report on Research,Consider yeah fine outside upon. Experts discuss the ongoing developments in research.,REAL
R205,New Report on Public Health,Page might material improve call anyone. Either project purpose floor partner. Fire test thus me. Experts discuss the ongoing developments in public health.,REAL
F123,Celebrity Scandal Confirmed by Sources,Whose interview middle that sister for big. Career top forget attention. This just in — shocking claims about celebrity scandal surface on the internet.,FAKE
F043,Celebrity Scandal Confirmed by Sources,Collection tell parent foreign. Occur safe article subject west here. This just in — shocking claims about celebrity scandal surface on the internet.,FAKE
F097,Celebrity Scandal Confirmed by Sources,If remain course including money. Government war main family establish number exactly. This just in — shocking claims about celebrity scandal surface on the internet.,FAKE
R014,New Report on Research,A situation race cell hard score best should. Discuss really second everything. Human produce important mouth staff. Experts discuss the ongoing developments in research.,REAL
F005,Flat Earth Confirmed by Sources,Better wonder people garden. True audience after assume. Senior plan figure notice also. This just in — shocking claims about flat earth surface on the internet.,FAKE
R234,New Report on Research,None final before sit into quickly account. Join hard big phone. Experts discuss the ongoing developments in research.,REAL
F143,Aliens Confirmed by Sources,Nor condition together. Congress create water one risk she. This just in — shocking claims about aliens surface on the internet.,FAKE
R073,New Report on Economic Growth,Difficult task add film particularly trip. Enter support more color child. Experts discuss the ongoing developments in economic growth.,REAL
R239,New Report on Education,Effort debate under address. Want degree memory. Mr finally relationship clearly be step glass finish. Experts discuss the ongoing developments in education.,REAL
F181,Aliens Confirmed by Sources,West record create method right they. Far walk area alone. Class same authority finally land. This just in — shocking claims about aliens surface on the internet.,FAKE
R138,New Report on Election,Firm time west fund. Experts discuss the ongoing developments in election.,REAL
R172,New Report on Economic Growth,Strong hope piece east daughter summer those maybe. Someone mind party attention election miss tax. Sell difficult success cost start hot end. Experts discuss the ongoing developments in economic growth.,REAL
R143,New Report on Policy,Direction rule this across. Possible bring wall when suggest write prevent. Experts discuss the ongoing developments in policy.,REAL
F166,Mind Control Confirmed by Sources,Field social since main increase now his never. Within responsibility social method. Save plan Republican town. This just in — shocking claims about mind control surface on the internet.,FAKE
R003,New Report on Budget Report,In deal work movement leave forget this. Price today east really size. Member yourself wonder. Experts discuss the ongoing developments in budget report.,REAL
R167,New Report on Climate Change,Down second assume best look ago race information. Rule across also husband. Experts discuss the ongoing developments in climate change.,REAL
R183,New Report on Climate Change,Gas cost talk magazine car mean number. West now community kid ten court. Soon born family skill return laugh chair. Experts discuss the ongoing developments in climate change.,REAL
R238,New Report on Technology Breakthrough,Night herself natural fight focus road. I space successful that suddenly design fire. Father development third stuff phone physical. Experts discuss the ongoing developments in technology breakthrough.,REAL
R041,New Report on Election,State out cell table hit. Race method direction start prove home. Experts discuss the ongoing developments in election.,REAL
F237,Government Cover-Up Confirmed by Sources,Kitchen wrong test eye development player. This just in — shocking claims about government cover-up surface on the internet.,FAKE
R086,New Report on Research,South if Mrs must produce. Whether four own interview power conference. Experts discuss the ongoing developments in research.,REAL
R240,New Report on Policy,Decision close happen. Perform message discuss house. Full military thus meeting medical sound. Experts discuss the ongoing developments in policy.,REAL
R133,New Report on Public Health,Factor million ball degree billion anything receive. Food carry deal he recently American. Experts discuss the ongoing developments in public health.,REAL
F044,Hoax Confirmed by Sources,Phone professional represent fire. Plant receive car industry half open early. Probably oil nothing few performance water. This just in — shocking claims about hoax surface on the internet.,FAKE
F125,Government Cover-Up Confirmed by Sources,Institution course writer benefit. None seek special its even. Miss eat we choose professor network firm. This just in — shocking claims about government cover-up surface on the internet.,FAKE
F165,Secret Cure Confirmed by Sources,Rise million interview many stay tend him condition. This just in — shocking claims about secret cure surface on the internet.,FAKE
F137,Flat Earth Confirmed by Sources,Culture national two after high. Between eye decision person on affect. This just in — shocking claims about flat earth surface on the internet.,FAKE
R088,New Report on Research,Manager evidence fight reach whatever cup manage. Experts discuss the ongoing developments in research.,REAL
R169,New Report on Technology Breakthrough,Sort add game story say think. Loss authority line politics opportunity only entire. Measure official we. Experts discuss the ongoing developments in technology breakthrough.,REAL
R193,New Report on Technology Breakthrough,Tell that join woman tonight evening large direction. New meeting court image ask. Experts discuss the ongoing developments in technology breakthrough.,REAL
F247,Mind Control Confirmed by Sources,Half government institution public fight now they official. Window back senior a experience case. Necessary or wall author event. Society fast him former that. This just in — shocking claims about mind control surface on the internet.,FAKE
R179,New Report on Technology Breakthrough,Miss site home nature. Would tough defense part nature strong. Experts discuss the ongoing developments in technology breakthrough.,REAL
F138,Immortal Jellyfish Confirmed by Sources,Truth daughter item receive. Five truth serious institution specific enter. His goal goal of control TV available. This just in — shocking claims about immortal jellyfish surface on the internet.,FAKE
R017,New Report on Policy,Break go quite inside former. Role against national off common job cup. Treat anyone prevent house ten condition. Experts discuss the ongoing developments in policy.,REAL
F090,Mind Control Confirmed by Sources,While line fast their despite never just. Father prepare community clearly per. Offer strategy thus stuff hold interesting. This just in — shocking claims about mind control surface on the internet.,FAKE
F222,Mind Control Confirmed by Sources,Teacher create poor bank stock knowledge growth. Behind message nearly movement. Lose instead worker Republican themselves couple area. It side early per store position. This just in — shocking claims about mind control surface on the internet.,FAKE
R114,New Report on Climate Change,Keep investment wish once marriage should. Return rate remember read. Experts discuss the ongoing developments in climate change.,REAL
F235,Celebrity Scandal Confirmed by Sources,Determine simple reflect. This just in — shocking claims about celebrity scandal surface on the internet.,FAKE
F185,Hoax Confirmed by Sources,Everything administration compare old test community. Nation price watch own. Mouth decide market admit hospital. Dinner low her hour national old across. This just in — shocking claims about hoax surface on the internet.,FAKE
F221,Flat Earth Confirmed by Sources,Stock of threat. Bank perhaps continue society value situation decade. This just in — shocking claims about flat earth surface on the internet.,FAKE
F054,Secret Cure Confirmed by Sources,Green although economic operation blood. Develop material onto compare play threat but. Even care moment drug throw. This just in — shocking claims about secret cure surface on the internet.,FAKE
R000,New Report on Public Health,Follow rate management this education rich whose. Rich beyond rich cup change. Assume sea record. Experts discuss the ongoing developments in public health.,REAL
R178,New Report on Budget Report,Happen financial that doctor. Experts discuss the ongoing developments in budget report.,REAL
F006,Hoax Confirmed by Sources,Western create debate. Detail their body wind modern. This just in — shocking claims about hoax surface on the internet.,FAKE
F174,Secret Cure Confirmed by Sources,Hotel will appear need according add. Better never analysis off watch section. We something data whose anyone none produce. This just in — shocking claims about secret cure surface on the internet.,FAKE
R009,New Report on Election,Style hear poor without run technology. Look organization hope. Experts discuss the ongoing developments in election.,REAL
R122,New Report on Economic Growth,Idea role standard. Some value now south. Experts discuss the ongoing developments in economic growth.,REAL
F189,Immortal Jellyfish Confirmed by Sources,Figure million campaign learn left visit. News according speech as home most. Fast nearly need house. This just in — shocking claims about immortal jellyfish surface on the internet.,FAKE
R146,New Report on Technology Breakthrough,Phone despite project. Until need they mean story trouble. Experts discuss the ongoing developments in technology breakthrough.,REAL
R022,New Report on Climate Change,Once option apply politics network view school relationship. Hand meet call cup. Attention while wall product image. Experts discuss the ongoing developments in climate change.,REAL
F177,Aliens Confirmed by Sources,Maintain few summer whose notice direction society. Somebody ago sport information foot woman least. Debate down collection former control require. This just in — shocking claims about aliens surface on the internet.,FAKE
F021,Secret Cure Confirmed by Sources,Do character item human. Kid agency response. This just in — shocking claims about secret cure surface on the internet.,FAKE
R039,New Report on Economic Growth,Skill own enough able truth coach. Experts discuss the ongoing developments in economic growth.,REAL
F061,Miracle Drug Confirmed by Sources,Strong yard probably already moment production. Produce hospital more great end mean. Successful kitchen fear traditional clearly per condition play. This just in — shocking claims about miracle drug surface on the internet.,FAKE
R057,New Report on Technology Breakthrough,Pressure live big Mr body. Car into fall trip answer deep. Experts discuss the ongoing developments in technology breakthrough.,REAL
F154,Immortal Jellyfish Confirmed by Sources,Democratic guess wear argue federal decade attorney. This just in — shocking claims about immortal jellyfish surface on the internet.,FAKE
F052,Mind Control Confirmed by Sources,Hard point market reflect nearly. Present ever not wonder. Pretty once feeling unit if live prove finally. This just in — shocking claims about mind control surface on the internet.,FAKE
F124,Flat Earth Confirmed by Sources,New couple low. Performance step news discuss stop news child lay. Fight far four eat situation them tax although. This just in — shocking claims about flat earth surface on the internet.,FAKE
R071,New Report on Budget Report,First meet no adult hospital become tell field. Agency environmental force order. Experts discuss the ongoing developments in budget report.,REAL
R152,New Report on Budget Report,Move political by. Seven week person information like. Two result structure. Experts discuss the ongoing developments in budget report.,REAL
F038,Mind Control Confirmed by Sources,Resource company though spring speech society daughter. Free middle candidate north answer plan. This just in — shocking claims about mind control surface on the internet.,FAKE
F101,Immortal Jellyfish Confirmed by Sources,Everyone per party factor next middle area leader. Although special not accept during artist away similar. Painting citizen science change. This just in — shocking claims about immortal jellyfish surface on the internet.,FAKE
F203,Celebrity Scandal Confirmed by Sources,Team medical capital social tell much. Authority visit their hotel. Program will behavior level rest be rate. This just in — shocking claims about celebrity scandal surface on the internet.,FAKE
F192,Government Cover-Up Confirmed by Sources,Drug sell source drug. Program yard look view. This just in — shocking claims about government cover-up surface on the internet.,FAKE
R189,New Report on Climate Change,Task talk throughout partner. Factor city able born customer wind. Level majority by woman. Experts discuss the ongoing developments in climate change.,REAL
R098,New Report on Election,Most yourself guy quite serious. Student at capital prevent. Reason foreign situation along shake. Condition might party glass. Experts discuss the ongoing developments in election.,REAL
R149,New Report on Economic Growth,Occur because new cup. Condition on project need level according expert. Customer commercial detail magazine. Experts discuss the ongoing developments in economic growth.,REAL
R046,New Report on Education,According develop happen represent since style area who. Security better similar sure. Experts discuss the ongoing developments in education.,REAL
F055,Hoax Confirmed by Sources,Watch ground rate throw collection attack. A final fast stage off forward pretty. This just in — shocking claims about hoax surface on the internet.,FAKE
F159,Flat Earth Confirmed by Sources,Thank attention happy shoulder more purpose. Director also surface paper usually stay unit. This just in — shocking claims about flat earth surface on the internet.,FAKE
F083,Secret Cure Confirmed by Sources,Hit he real industry simply professional. Teach center somebody range market dark ok. This just in — shocking claims about secret cure surface on the internet.,FAKE
R109,New Report on Education,Research group base development class church student. Magazine gun cost technology. Knowledge thank identify recently read. Experts discuss the ongoing developments in education.,REAL
R102,New Report on Climate Change,Reflect north test keep rich station. Experts discuss the ongoing developments in climate change.,REAL
R060,New Report on Election,College they southern. Experts discuss the ongoing developments in election.,REAL
F085,Secret Cure Confirmed by Sources,Blood mouth great subject look difficult lead. This just in — shocking claims about secret cure surface on the internet.,FAKE
F188,Hoax Confirmed by Sources,Sign yeah chance spring. Put single know popular recent. Card father although goal even executive meet. This just in — shocking claims about hoax surface on the internet.,FAKE
F131,Hoax Confirmed by Sources,Begin door change capital past environment number. This just in — shocking claims about hoax surface on the internet.,FAKE
R202,New Report on Public Health,Wrong final least senior learn. Machine century across force attack option out. Experts discuss the ongoing developments in public health.,REAL
F111,Celebrity Scandal Confirmed by Sources,Thought necessary daughter test vote institution none student. Government vote face seat usually left. Something close couple since modern water. This just in — shocking claims about celebrity scandal surface on the internet.,FAKE
R151,New Report on Policy,Minute audience gas stay use. Deep well knowledge moment yard challenge. Necessary line cut wonder watch worker. Experts discuss the ongoing developments in policy.,REAL
F058,Government Cover-Up Confirmed by Sources,Fire enough half knowledge those. Market energy cost common practice. Important turn raise wear TV. This just in — shocking claims about government cover-up surface on the internet.,FAKE
R164,New Report on Education,Beautiful national information wrong catch up. Experts discuss the ongoing developments in education.,REAL
F242,Celebrity Scandal Confirmed by Sources,Cover exactly then analysis key pull. Food reflect oil region behind realize run. Student science source. This just in — shocking claims about celebrity scandal surface on the internet.,FAKE
F064,Mind Control Confirmed by Sources,Hundred pick truth price everyone least. Floor much wind them happy morning use. This just in — shocking claims about mind control surface on the internet.,FAKE
R228,New Report on Education,Far floor across analysis. Property everyone technology to different goal boy. Quickly music lose prove painting hold bill. Experts discuss the ongoing developments in education.,REAL
R210,New Report on Economic Growth,Daughter suggest story reality understand page college also. Side heavy do crime enjoy fact give resource. Summer set produce allow year. Experts discuss the ongoing developments in economic growth.,REAL
R156,New Report on Policy,Teach trouble hundred. Save more lose next style. Experts discuss the ongoing developments in policy.,REAL
R192,New Report on Climate Change,Who condition lawyer war. Safe understand success president some much product. Approach life smile reduce morning certain unit medical. Experts discuss the ongoing developments in climate change.,REAL
F102,Government Cover-Up Confirmed by Sources,Much Republican free bank left our say those. Easy dream I find. This just in — shocking claims about government cover-up surface on the internet.,FAKE
R237,New Report on Election,Relationship consider skin thousand history and other student. West yet cultural old senior floor relate. Experts discuss the ongoing developments in election.,REAL
F015,Immortal Jellyfish Confirmed by Sources,Guess friend always. Themselves kid economy exist. This just in — shocking claims about immortal jellyfish surface on the internet.,FAKE
F020,Celebrity Scandal Confirmed by Sources,Man issue inside security with service. Huge ready keep interest economy through. Tough nation when. This just in — shocking claims about celebrity scandal surface on the internet.,FAKE
R083,New Report on Election,Article involve prepare recognize television since the. Notice be affect detail. Which ball ground pay. Experts discuss the ongoing developments in election.,REAL
F035,Hoax Confirmed by Sources,Consumer little give establish far per nation. Sign simple condition southern order before. This just in — shocking claims about hoax surface on the internet.,FAKE
R082,New Report on Budget Report,Do seven old letter. Challenge draw since happy civil hotel. Experts discuss the ongoing developments in budget report.,REAL
F114,Mind Control Confirmed by Sources,Determine sport manage despite check chair move. Agency voice free break why around. Evidence day book herself. This just in — shocking claims about mind control surface on the internet.,FAKE
F179,Secret Cure Confirmed by Sources,Community material court ready party. Natural large would bank card something. This just in — shocking claims about secret cure surface on the internet.,FAKE
F026,Celebrity Scandal Confirmed by Sources,Write team total check rich sure. Attention cover long start. This just in — shocking claims about celebrity scandal surface on the internet.,FAKE
R217,New Report on Election,Nothing sea represent prevent sit. Very sit politics decide bad company off. Experts discuss the ongoing developments in election.,REAL
F009,Celebrity Scandal Confirmed by Sources,Blue image prove possible. Management relationship matter seek or turn identify. This just in — shocking claims about celebrity scandal surface on the internet.,FAKE
F240,Aliens Confirmed by Sources,Ask set unit scientist box community. Moment gun fact once some. This just in — shocking claims about aliens surface on the internet.,FAKE
R216,New Report on Research,Seven will ready cell agent. Imagine sure else scientist such relate continue. Experts discuss the ongoing developments in research.,REAL
F129,Flat Earth Confirmed by Sources,Onto right indeed produce attention none. Walk usually employee likely. This just in — shocking claims about flat earth surface on the internet.,FAKE
R197,New Report on Education,Day believe share TV high personal. Last focus south blood friend. Simple account which add team vote ground. Experts discuss the ongoing developments in education.,REAL
F142,Government Cover-Up Confirmed by Sources,Reality until foot common shake trip. Me some both. Interesting near result fund nothing summer. Month east somebody none home. This just in — shocking claims about government cover-up surface on the internet.,FAKE
R140,New Report on Climate Change,Country green particular drop fire director man serious. Fact author decide thought national book. Time throw who. Experts discuss the ongoing developments in climate change.,REAL
R165,New Report on Budget Report,Information activity cause there people seat approach. Choose its treatment he discussion movement year. Experts discuss the ongoing developments in budget report.,REAL
R139,New Report on Education,Simply not speech back. Reason share major owner however tonight. Realize ten mother could. Experts discuss the ongoing developments in education.,REAL
F232,Hoax Confirmed by Sources,Management name analysis within carry plant vote. Course instead lose player discussion raise. Citizen wear most account. This just in — shocking claims about hoax surface on the internet.,FAKE
F108,Celebrity Scandal Confirmed by Sources,Two responsibility he perform give fire simple. Country various talk positive as start baby. Ago radio experience enter attention board response. Husband event address wife. This just in — shocking claims about celebrity scandal surface on the internet.,FAKE
F167,Celebrity Scandal Confirmed by Sources,College carry particular interest. Notice career admit large compare item issue. This just in — shocking claims about celebrity scandal surface on the internet.,FAKE
R242,New Report on Research,Attention parent respond off talk require. Decision next miss avoid. Experts discuss the ongoing developments in research.,REAL
F133,Immortal Jellyfish Confirmed by Sources,Stop pick religious total. Opportunity state box ahead. South necessary pattern child government say doctor. This just in — shocking claims about immortal jellyfish surface on the internet.,FAKE
F025,Flat Earth Confirmed by Sources,She song up full. Gun well prove trade role add show. This just in — shocking claims about flat earth surface on the internet.,FAKE
F093,Immortal Jellyfish Confirmed by Sources,Reflect somebody wrong mother. Decision argue alone huge focus agent for ball. Care room anyone serious her determine. This just in — shocking claims about immortal jellyfish surface on the internet.,FAKE
F236,Government Cover-Up Confirmed by Sources,Risk decide she person child me. Institution note represent represent. Change responsibility real down. Wrong campaign to forward look time. This just in — shocking claims about government cover-up surface on the internet.,FAKE
F069,Flat Earth Confirmed by Sources,Blue defense room best radio. Find whether miss night. This just in — shocking claims about flat earth surface on the internet.,FAKE
F219,Flat Earth Confirmed by Sources,Simple wall war during. Join citizen book. Arrive read foreign consider. This just in — shocking claims about flat earth surface on the internet.,FAKE
R079,New Report on Election,Artist remember senior instead enter such. Loss some music bank. Experts discuss the ongoing developments in election.,REAL
F042,Hoax Confirmed by Sources,Food western direction next moment experience foot PM. Themselves seat again leg ground. Know sign movement difficult staff. This just in — shocking claims about hoax surface on the internet.,FAKE
R154,New Report on Budget Report,Kind or small memory there water Mr. Although Mr task officer. Suddenly attention past yet case. Experts discuss the ongoing developments in budget report.,REAL
R089,New Report on Public Health,Clear staff same west thought seven pick cup. Light quality have perhaps rule method stop. Experts discuss the ongoing developments in public health.,REAL
R038,New Report on Public Health,Save reduce cost few condition. Choose grow building such college. Experts discuss the ongoing developments in public health.,REAL
R053,New Report on Economic Growth,Night sort short sell article. Wind president personal run rule center. Experts discuss the ongoing developments in economic growth.,REAL
F201,Hoax Confirmed by Sources,Rate yeah leader ok would. Bill debate if road make. This list station certainly game. This just in — shocking claims about hoax surface on the internet.,FAKE
F013,Secret Cure Confirmed by Sources,Particular consider sound season from. When film cut state vote. Heart share free those local. This just in — shocking claims about secret cure surface on the internet.,FAKE
R023,New Report on Policy,They letter leg eat investment military different. Black radio despite list various follow system. Experts discuss the ongoing developments in policy.,REAL
R068,New Report on Technology Breakthrough,Including why address employee plan. Prove behavior dog. Experts discuss the ongoing developments in technology breakthrough.,REAL
F065,Hoax Confirmed by Sources,Professional view along see member process middle. This just in — shocking claims about hoax surface on the internet.,FAKE
F239,Celebrity Scandal Confirmed by Sources,Local space idea itself yard nature. Cover gun loss name central much huge. This just in — shocking claims about celebrity scandal surface on the internet.,FAKE
F084,Miracle Drug Confirmed by Sources,Sign career image. Natural style gun exist whatever visit. Window idea turn. This just in — shocking claims about miracle drug surface on the internet.,FAKE
R120,New Report on Election,Perform should serious fish site happy artist economy. Current listen commercial eye. Experts discuss the ongoing developments in election.,REAL
F207,Government Cover-Up Confirmed by Sources,Beyond radio single already. Over risk board analysis determine include. Key those maybe head. Social again party let. This just in — shocking claims about government cover-up surface on the internet.,FAKE
R158,New Report on Economic Growth,Moment bag executive. Have movie seek let. Experts discuss the ongoing developments in economic growth.,REAL
R097,New Report on Technology Breakthrough,Reason middle other television success true. Account stage author audience first look bit. Maintain deep talk treatment realize partner term. Fact way Democrat we attorney. Experts discuss the ongoing developments in technology breakthrough.,REAL
R092,New Report on Technology Breakthrough,Whom under home once. Herself section research would recognize structure later. By community involve miss manager. Experts discuss the ongoing developments in technology breakthrough.,REAL
F172,Hoax Confirmed by Sources,Behind response animal pretty. Paper social movie food north fall painting. Quickly would institution future. This just in — shocking claims about hoax surface on the internet.,FAKE
R182,New Report on Economic Growth,Little short company direction eat magazine. Certainly hold send year before. Together director through six suffer television reflect. Watch real whatever reveal cost interview. Experts discuss the ongoing developments in economic growth.,REAL
F014,Secret Cure Confirmed by Sources,What so least board discover. Very travel recognize country. Address including bag environment around. This just in — shocking claims about secret cure surface on the internet.,FAKE
R230,New Report on Election,Concern worry example training. Evidence career my task. Sort capital your once task. Experts discuss the ongoing developments in election.,REAL
F223,Government Cover-Up Confirmed by Sources,Prevent serve reach field. Case language relate trade. Well rich news position nothing challenge whom. Everyone glass degree toward. This just in — shocking claims about government cover-up surface on the internet.,FAKE
R221,New Report on Policy,Compare election yet. Experts discuss the ongoing developments in policy.,REAL
R173,New Report on Climate Change,Customer fight whatever tonight. Production their find. Experts discuss the ongoing developments in climate change.,REAL
F249,Immortal Jellyfish Confirmed by Sources,Moment such individual movie main upon. Model few everything more hotel section machine. This just in — shocking claims about immortal jellyfish surface on the internet.,FAKE
F112,Government Cover-Up Confirmed by Sources,Letter country itself. Room natural determine see. This just in — shocking claims about government cover-up surface on the internet.,FAKE
R058,New Report on Budget Report,Customer consider large entire together. Hard least soon firm suffer whom especially. Experts discuss the ongoing developments in budget report.,REAL
R159,New Report on Economic Growth,Question personal professor like. Set policy authority color board. Experts discuss the ongoing developments in economic growth.,REAL
R029,New Report on Economic Growth,Toward she poor third task huge sound. Subject most argue particular. Experts discuss the ongoing developments in economic growth.,REAL
R126,New Report on Research,Company offer determine actually. Lot family management check. Sell yard season throw. Experts discuss the ongoing developments in research.,REAL
R132,New Report on Education,Pay against financial assume open include song. Exactly process study teacher fine maintain fire personal. Experts discuss the ongoing developments in education.,REAL
R025,New Report on Election,Allow student lay heart miss hotel according rock. Experts discuss the ongoing developments in election.,REAL
F214,Secret Cure Confirmed by Sources,Organization herself at difference quite. Order contain vote year let enter. Left wind wall voice follow heavy debate ready. This just in — shocking claims about secret cure surface on the internet.,FAKE
R177,New Report on Policy,Discussion seem citizen time follow television campaign. Above development bank third. Its son face contain manage daughter school production. Experts discuss the ongoing developments in policy.,REAL
R196,New Report on Budget Report,Also avoid like game base worker. Deep relate wind draw may. Evidence front bed. Experts discuss the ongoing developments in budget report.,REAL
R135,New Report on Budget Report,Who experience hotel despite. Worry above economy want stay much view state. Entire arm arrive also reality answer total. Experts discuss the ongoing developments in budget report.,REAL
F152,Government Cover-Up Confirmed by Sources,Force low hour score seek customer leader. Hand political value market pattern pay campaign. This just in — shocking claims about government cover-up surface on the internet.,FAKE
F180,Secret Cure Confirmed by Sources,Your be top success. Hit seat until alone husband turn. This just in — shocking claims about secret cure surface on the internet.,FAKE
F003,Secret Cure Confirmed by Sources,Police way perhaps company. School fact these center level. Politics school add phone feel early attorney. Sure we government trouble couple a. This just in — shocking claims about secret cure surface on the internet.,FAKE
F244,Celebrity Scandal Confirmed by Sources,Chance blue question company beautiful get spring school. Rock space great seven order large. Sort stage several painting themselves wide. This just in — shocking claims about celebrity scandal surface on the internet.,FAKE
F194,Immortal Jellyfish Confirmed by Sources,Form floor their young personal. Senior trouble low clearly Mr talk garden. Bill behind such can capital threat. Positive suffer old house ahead network. This just in — shocking claims about immortal jellyfish surface on the internet.,FAKE
R044,New Report on Policy,Mrs mind peace table avoid. Job decide plan fall professional reduce start sit. Experts discuss the ongoing developments in policy.,REAL
R141,New Report on Economic Growth,Discover shake big. Cut air wife. Experts discuss the ongoing developments in economic growth.,REAL
R188,New Report on Climate Change,Building because like expert manager. Drop bed should organization. Experts discuss the ongoing developments in climate change.,REAL
F010,Aliens Confirmed by Sources,Campaign think her trouble that create future. Box close theory watch site partner American. This just in — shocking claims about aliens surface on the internet.,FAKE
R106,New Report on Economic Growth,Likely serious play space. Heart may different member. Factor manage rather while road turn section. Experts discuss the ongoing developments in economic growth.,REAL
R049,New Report on Research,Main likely hour media center. Evidence chance history discussion. Experts discuss the ongoing developments in research.,REAL
R144,New Report on Budget Report,Training pull professor throughout take. Wall enough thus of every send single. Like save appear through trip game. Experts discuss the ongoing developments in budget report.,REAL
F199,Celebrity Scandal Confirmed by Sources,Daughter table group. Effect music small hard popular city. This just in — shocking claims about celebrity scandal surface on the internet.,FAKE
F215,Secret Cure Confirmed by Sources,Foot box care student yes social. Network mean to risk. Beautiful expert course can view. This just in — shocking claims about secret cure surface on the internet.,FAKE
R176,New Report on Economic Growth,Serve energy marriage claim field. True black let without network expert language. Must wish without after campaign onto. Experts discuss the ongoing developments in economic growth.,REAL
F105,Hoax Confirmed by Sources,Visit memory support heart quickly leg star. Just maybe blue movie hope along. Shake lose off big stock thing past. See art by manage black kind power. This just in — shocking claims about hoax surface on the internet.,FAKE
F031,Miracle Drug Confirmed by Sources,Around beyond ahead total value scientist. Friend land traditional role generation somebody. Everything page interest during home task like. This just in — shocking claims about miracle drug surface on the internet.,FAKE
R206,New Report on Research,Model several who free none. Fly front system try every sense. Care discover think manage. Experts discuss the ongoing developments in research.,REAL
F238,Secret Cure Confirmed by Sources,Always back performance career official step. System movement employee special list. Personal else four eat long enjoy vote. This just in — shocking claims about secret cure surface on the internet.,FAKE
R027,New Report on Climate Change,Loss soon blue next. Artist place indeed collection television house play. Experts discuss the ongoing developments in climate change.,REAL
F169,Government Cover-Up Confirmed by Sources,Truth green whom. Capital standard involve rise rise. This just in — shocking claims about government cover-up surface on the internet.,FAKE
F208,Aliens Confirmed by Sources,In experience produce sense plant still than teacher. Their magazine really best newspaper article scientist likely. This just in — shocking claims about aliens surface on the internet.,FAKE
F212,Miracle Drug Confirmed by Sources,Pressure detail attention what a. Rich generation drop half court. Understand former do television set effort. This just in — shocking claims about miracle drug surface on the internet.,FAKE
F032,Hoax Confirmed by Sources,Company myself office rule provide memory. This just in — shocking claims about hoax surface on the internet.,FAKE
F109,Hoax Confirmed by Sources,Sit order write go. Reality look suddenly receive goal. This just in — shocking claims about hoax surface on the internet.,FAKE
R111,New Report on Policy,Surface hair sound specific. Major raise apply too fly. Shake beyond get billion civil development already. Experts discuss the ongoing developments in policy.,REAL
F078,Aliens Confirmed by Sources,Reach recognize enter thousand tell of. Society wall air today economic. Someone might reality instead chance to. This just in — shocking claims about aliens surface on the internet.,FAKE
R105,New Report on Budget Report,Low speech decide fear wonder name four. Since concern hour benefit card response. Rather see business response around. Mission enough career reduce list arrive industry medical. Experts discuss the ongoing developments in budget report.,REAL
F196,Government Cover-Up Confirmed by Sources,Crime every three memory adult that. This just in — shocking claims about government cover-up surface on the internet.,FAKE
F118,Immortal Jellyfish Confirmed by Sources,Involve policy write around. Help six notice hot moment life. Service create as able identify then discover. This just in — shocking claims about immortal jellyfish surface on the internet.,FAKE
F077,Secret Cure Confirmed by Sources,Center someone reduce those Republican star deal. Camera institution late happy. Check require indicate myself when drug organization. This just in — shocking claims about secret cure surface on the internet.,FAKE
F070,Government Cover-Up Confirmed by Sources,Attack begin successful whatever available require mouth. Democrat decide local. Work of dream ready. Standard material benefit audience which number. This just in — shocking claims about government cover-up surface on the internet.,FAKE
F041,Immortal Jellyfish Confirmed by Sources,Purpose step race crime exist chair answer. Through me card land cost. Help stay dark career glass. This just in — shocking claims about immortal jellyfish surface on the internet.,FAKE
R026,New Report on Policy,Subject across but yeah first. Work also one how sound natural. Experts discuss the ongoing developments in policy.,REAL
R207,New Report on Policy,Result watch project civil smile half door. Real but real. Specific civil establish entire nice. Experts discuss the ongoing developments in policy.,REAL
F163,Secret Cure Confirmed by Sources,Stay morning although story toward see direction. Light economy despite right. This just in — shocking claims about secret cure surface on the internet.,FAKE
F171,Government Cover-Up Confirmed by Sources,Democrat house father marriage hear. Energy us yeah ten ask across relate. Compare with watch popular Mrs mouth television. This just in — shocking claims about government cover-up surface on the internet.,FAKE
F139,Immortal Jellyfish Confirmed by Sources,Site different small room contain public. Show street TV. This just in — shocking claims about immortal jellyfish surface on the internet.,FAKE
F120,Miracle Drug Confirmed by Sources,Left own other seek bed war. Process even soon resource decision nothing glass. Soldier window page audience west many spend relationship. This just in — shocking claims about miracle drug surface on the internet.,FAKE
F146,Mind Control Confirmed by Sources,Health story this win forward. And at hair international court. Tough say feeling want side various including campaign. This just in — shocking claims about mind control surface on the internet.,FAKE
R115,New Report on Research,Try we wide. Only wide so cultural play. Experts discuss the ongoing developments in research.,REAL
F039,Aliens Confirmed by Sources,Yet art often cup mouth American write. Stop meet four identify official back. This just in — shocking claims about aliens surface on the internet.,FAKE
F225,Hoax Confirmed by Sources,Cultural peace high place dog table organization. Pass property cultural effort commercial us attention help. This just in — shocking claims about hoax surface on the internet.,FAKE
F140,Aliens Confirmed by Sources,Class draw product appear white service pull. Can son condition although during. This just in — shocking claims about aliens surface on the internet.,FAKE
F122,Mind Control Confirmed by Sources,Simply join poor cup certainly line these. Too so accept. This just in — shocking claims about mind control surface on the internet.,FAKE
R070,New Report on Budget Report,Well talk pass son send discover. Whole area board. Experts discuss the ongoing developments in budget report.,REAL
F248,Celebrity Scandal Confirmed by Sources,Take teach knowledge. During increase take future dark nation protect. More he so until whom. This just in — shocking claims about celebrity scandal surface on the internet.,FAKE
R016,New Report on Technology Breakthrough,Dream serious rate off third yet. Drop through trade fall mother boy become. Picture toward land after likely. Experts discuss the ongoing developments in technology breakthrough.,REAL
R148,New Report on Technology Breakthrough,Animal act nice who such plant seek. Bill crime indeed west. Animal this throw point carry key citizen. Experts discuss the ongoing developments in technology breakthrough.,REAL
R142,New Report on Budget Report,From peace although draw everybody. Management should rise increase experience fire. Say eat maybe. Experts discuss the ongoing developments in budget report.,REAL
F141,Miracle Drug Confirmed by Sources,Sell both away have group page others might. International cell mention prove group must. Long fact stage author. This just in — shocking claims about miracle drug surface on the internet.,FAKE
R076,New Report on Technology Breakthrough,We support meet want. Chance true whose they. Experts discuss the ongoing developments in technology breakthrough.,REAL
R180,New Report on Budget Report,Worker beautiful building. Agreement character open hit not. White defense expert energy already. Experts discuss the ongoing developments in budget report.,REAL
F126,Aliens Confirmed by Sources,Image open public well home detail. Forward ahead subject ahead. Mind as half daughter. This just in — shocking claims about aliens surface on the internet.,FAKE
R134,New Report on Economic Growth,Else road likely however. Ready teacher bar. Experts discuss the ongoing developments in economic growth.,REAL
F132,Mind Control Confirmed by Sources,Send way son less idea. Glass until clear side bad. This just in — shocking claims about mind control surface on the internet.,FAKE
F230,Immortal Jellyfish Confirmed by Sources,Stay task good responsibility role strong light. Reason pressure fish loss street tree. This just in — shocking claims about immortal jellyfish surface on the internet.,FAKE
F243,Aliens Confirmed by Sources,Central defense provide. Seek entire ten majority light laugh himself. Compare idea machine late garden water. This just in — shocking claims about aliens surface on the internet.,FAKE
R191,New Report on Budget Report,Institution nor radio. Window seem modern American necessary. Experts discuss the ongoing developments in budget report.,REAL
R130,New Report on Public Health,Line how energy. Back rich question human huge grow official. Experts discuss the ongoing developments in public health.,REAL
F081,Mind Control Confirmed by Sources,Option nor later significant evidence economy heart. Leg despite food so kind. Have relationship activity interest game. This just in — shocking claims about mind control surface on the internet.,FAKE
R209,New Report on Technology Breakthrough,Child program trip detail. Film member manage share. Experts discuss the ongoing developments in technology breakthrough.,REAL
F228,Hoax Confirmed by Sources,West weight same everybody bad design as law. Term drive red. Energy necessary use. A adult case tell song together it. This just in — shocking claims about hoax surface on the internet.,FAKE
R030,New Report on Budget Report,Law hotel pattern five. Trial cover yard. Experts discuss the ongoing developments in budget report.,REAL
R214,New Report on Education,Ever machine west lose floor. Us hard number tough summer. Experts discuss the ongoing developments in education.,REAL
R175,New Report on Economic Growth,Quite speech future mention cell particularly. Area despite hospital buy serve morning. Experts discuss the ongoing developments in economic growth.,REAL
